[
  {
    "date": 0,
    "close": 0,
    "start":0
  },
  {
    "date": 10,
    "close": 0,
    "start":1
  },
  {
    "date": 20,
    "close": 2,
    "start":3
  },
  {
    "date": 30,
    "close": 3,
    "start":7
  },
  {
    "date": 40,
    "close": 4,
    "start":9
  },
  {
    "date": 60,
    "close": 5,
    "start":7
  },
  {
    "date": 70,
    "close": 8,
    "start":12
  },
  {
    "date": 80,
    "close": 11,
    "start":14
  },
  {
    "date": 90,
    "close": 8,
    "start":10
  },
  {
    "date": 100,
    "close": 10,
    "start":18
  },
  {
    "date": 110,
    "close": 14,
    "start":20
  },
  {
    "date": 120,
    "close": 20,
    "start":15
  },
  {
    "date": 130,
    "close": 24,
    "start":22
  },
  {
    "date": 140,
    "close": 30,
    "start":14
  }
]